first_name,last_name,email
John,Doe,john.doe@gmail.com
Jane,Smith,jane.smith@gmail.com
Bob,Johnson,bob.johnson@gmail.com
Alice,Brown,alice.brown@gmail.com
Charlie,Wilson,charlie.wilson@gmail.com
Eva,Davis,eva.davis@gmail.com
Frank,Miller,frank.miller@gmail.com
Grace,Turner,grace.turner@gmail.com
Henry,White,henry.white@gmail.com
Ivy,Carter,ivy.carter@gmail.com
James,Anderson,james.anderson@gmail.com
Kelly,Parker,kelly.parker@gmail.com
Liam,Adams,liam.adams@gmail.com
Mia,Harris,mia.harris@gmail.com
Noah,Turner,noah.turner@gmail.com
Olivia,Davis,olivia.davis@gmail.com
Patrick,Smith,patrick.smith@gmail.com
Quinn,Martin,quinn.martin@gmail.com
Ruby,Johnson,ruby.johnson@gmail.com
Sophia,Clark,sophia.clark@gmail.com